-- phpMyAdmin SQL Dump
-- version 4.0.4
-- http://www.phpmyadmin.net
--
-- Хост: localhost
-- Время создания: Ноя 13 2013 г., 05:26
-- Версия сервера: 5.6.12-log
-- Версия PHP: 5.4.12

SET SQL_MODE = "NO_AUTO_VALUE_ON_ZERO";
SET time_zone = "+00:00";


/*!40101 SET @OLD_CHARACTER_SET_CLIENT=@@CHARACTER_SET_CLIENT */;
/*!40101 SET @OLD_CHARACTER_SET_RESULTS=@@CHARACTER_SET_RESULTS */;
/*!40101 SET @OLD_COLLATION_CONNECTION=@@COLLATION_CONNECTION */;
/*!40101 SET NAMES utf8 */;

--
-- База данных: `clinicbase`
--
CREATE DATABASE IF NOT EXISTS `clinicbase` DEFAULT CHARACTER SET utf8 COLLATE utf8_unicode_ci;
USE `clinicbase`;

-- --------------------------------------------------------

--
-- Структура таблицы `cat_graphicsdentition`
--

CREATE TABLE IF NOT EXISTS `cat_graphicsdentition` (
  `id` int(11) NOT NULL AUTO_INCREMENT,
  `name` varchar(100) DEFAULT NULL,
  `color` varchar(7) DEFAULT NULL,
  PRIMARY KEY (`id`),
  UNIQUE KEY `name` (`name`)
) ENGINE=InnoDB  DEFAULT CHARSET=utf8 AUTO_INCREMENT=31 ;

--
-- Дамп данных таблицы `cat_graphicsdentition`
--

INSERT INTO `cat_graphicsdentition` (`id`, `name`, `color`) VALUES
(1, 'Аттачмен', '#d6cb94'),
(2, 'Временно пломбированный канал', '#00ff00'),
(3, 'Вскрытие абсцесса', '#de7508'),
(4, 'Гингивит', '#ff0000'),
(5, 'Закрытие перфорации', '#31a6ce'),
(6, 'Инъекция линкомицин', '#00ff00'),
(7, 'Кариес', '#e79218'),
(8, 'Керамический', '#ffff00'),
(9, 'Кламмер', '#5ad39c'),
(10, 'Коронка металлокерамическая', '#84ff00'),
(11, 'Культевая вкладка', '#187194'),
(12, 'Мед. обработка кармана', '#8482ff'),
(13, 'Мышьяк', '#8400ff'),
(14, 'Остеомиелит', '#ff0000'),
(15, 'Периодонтит', '#ff0000'),
(16, 'Пломба стеклоиномерная', '#0000ff'),
(17, 'Пломба фотополимерная', '#ffff84'),
(18, 'Пломбированный канал', '#ff82ff'),
(19, 'Простой бюгель', '#c6d77b'),
(20, 'Пульпит', '#ff8242'),
(21, 'Реставрация фотополимер', '#84ffff'),
(22, 'С гидроксиапатитом', '#00ff42'),
(23, 'Сечение капюшона', '#bd1410'),
(24, 'Сложный бюгель', '#adcb73'),
(25, 'Старая пломба', '#d6aec6'),
(26, 'Съемный протез', '#ff0084'),
(27, 'Шинирование', '#de964a'),
(28, 'Штифт анкерный', '#089284'),
(29, 'Штифт гуттаперчевый', '#b5d300'),
(30, 'Фасетка керамическая', '#ff8284');

-- --------------------------------------------------------

--
-- Структура таблицы `diagnosis`
--

CREATE TABLE IF NOT EXISTS `diagnosis` (
  `id` int(11) NOT NULL AUTO_INCREMENT,
  `archived` tinyint(1) DEFAULT NULL,
  `name` varchar(32) COLLATE utf8_unicode_ci NOT NULL,
  `diagnosis_kod` varchar(16) COLLATE utf8_unicode_ci NOT NULL,
  `name_full` varchar(128) COLLATE utf8_unicode_ci NOT NULL,
  `id_print_043` int(11) DEFAULT NULL,
  `ids_ill_destination` varchar(128) COLLATE utf8_unicode_ci NOT NULL,
  `ids_tooth_state` varchar(128) COLLATE utf8_unicode_ci NOT NULL,
  `id_diagnosis` int(11) DEFAULT NULL,
  `id_diagnosis_type` int(11) DEFAULT NULL,
  `world` tinyint(1) DEFAULT NULL,
  PRIMARY KEY (`id`)
) ENGINE=InnoDB  DEFAULT CHARSET=utf8 COLLATE=utf8_unicode_ci AUTO_INCREMENT=200 ;

--
-- Дамп данных таблицы `diagnosis`
--

INSERT INTO `diagnosis` (`id`, `archived`, `name`, `diagnosis_kod`, `name_full`, `id_print_043`, `ids_ill_destination`, `ids_tooth_state`, `id_diagnosis`, `id_diagnosis_type`, `world`) VALUES
(1, NULL, 'A69.0', 'A69.0', 'Разлагающаяся язва полости рта. Гангренозний стоматит. Нома', 1, '1,4', '', 1, 1, NULL),
(2, NULL, 'A69.1', 'A69.1', 'Острый некротизирующий язвенный гингивит', 1, '1,4', '', 1, 1, NULL),
(3, NULL, 'B00.2', 'B00.2', 'Герпетичный (герпес простой) гингивостоматит', 1, '1,4', '', 1, 1, NULL),
(4, NULL, 'B26.0', 'B26.0', 'Эпидемичный паротит', 1, '1,4', '', 1, 1, NULL),
(5, NULL, 'D86.8', 'D86.8', 'Увеопаротидная горячка (Гирфорда)', 1, '1,4', '', 1, 1, NULL),
(6, NULL, 'K00.4', 'K00.4', 'Нарушения формирования зубов', 1, '1,3', '', 1, 4, NULL),
(7, NULL, 'B37.8', 'B37.8', 'Заеда вследствие кандидоза', 1, '5,1,4', '', 1, 1, NULL),
(8, NULL, 'E22.0', 'E22.0', 'Акромегалия', 1, '1,4', '', 1, 2, NULL),
(9, NULL, 'E53.0', 'E53.0', 'Арибофлавиноз. Заеда вследствие недостатка рибофлавина', 1, '1,4', '', 1, 1, NULL),
(10, NULL, 'F45.8', 'F45.8', 'Бруксизм. Скрежетание зубами БДВ', 1, '1,4', '', 1, 1, NULL),
(11, NULL, 'J36.0', 'J36.0', 'Абсцесс перитонзилярный', 1, '1,4', '', 1, 1, NULL),
(12, NULL, 'K00.0', 'K00.0', 'Адентия', 1, '1,4', '', 1, 5, NULL),
(13, NULL, 'K00.1', 'K00.1', 'Сверхкомплектные зубы', 1, '1,3', '', 1, 5, NULL),
(14, NULL, 'K00.01', 'K00.01', 'Адентия полная вторичная', 1, '1,4', '', 1, 5, NULL),
(15, NULL, 'K00.2', 'K00.2', 'Аномалии размеров и формы зубов', 1, '1,4', '', 1, 5, NULL),
(16, NULL, 'K00.21', 'K00.21', 'Микродентия', 1, '1,4', '', 1, 5, NULL),
(17, NULL, 'K00.3', 'K00.3', 'Флюороз зубов', 1, '1', '', 1, 1, NULL),
(18, NULL, 'K00.5', 'K00.5', 'Наследственные нарушения структуры зубов, не классифиц. в др. рубриках', 1, '1,3', '', 1, 4, NULL),
(19, NULL, 'K00.6', 'K00.6', 'Нарушения в прорезывании зубов', 1, '1,3', '', 1, 4, NULL),
(20, NULL, 'K00.7', 'K00.7', 'Синдром прорезывания зубов', 1, '1,3', '', 1, 4, NULL),
(21, NULL, 'K00.8', 'K00.8', 'Другие нарушения развития зубов', 1, '1,3', '', 1, 4, NULL),
(22, NULL, 'K00.9', 'K00.9', 'Нарушения развития зубов, неуточненное', 1, '1,3', '', 1, 4, NULL),
(23, NULL, 'K00.20', 'K00.20', 'Макродентия', 1, '1,4', '', 1, 5, NULL),
(24, NULL, 'K01.0', 'K01.0', 'Ретинированые зубы', 1, '1,3', '', 1, 5, NULL),
(25, NULL, 'K01.1', 'K01.1', 'Интактный зуб', 1, '1', '', 1, 5, NULL),
(26, NULL, 'K02.0', 'K02.0', 'Кариес эмали', 1, '1', '', 1, 1, NULL),
(27, NULL, 'K02.11', 'K02.11', 'Кариес дентина временных зубов', 1, '1', '', 1, 4, NULL),
(28, NULL, 'K02.2', 'K02.2', 'Кариес цемента', 1, '1', '', 1, 1, NULL),
(29, NULL, 'K02.31', 'K02.31', 'Приостановленный кариес временных зубов', 1, '1', '', 1, 4, NULL),
(30, NULL, 'K02.4', 'K02.4', 'Одонтоклазия', 1, '1', '', 1, 1, NULL),
(31, NULL, 'K02.8', 'K02.8', 'Другой кариес зубов', 1, '1', '', 1, 1, NULL),
(32, NULL, 'K02.9', 'K02.9', 'Кариес зубов, неуточненный', 1, '1', '', 1, 1, NULL),
(33, NULL, 'K03.0', 'K03.0', 'Чрезмерное стирание зубов', 1, '1', '', 1, 1, NULL),
(34, NULL, 'K03.1', 'K03.1', 'Сошлифовывание зубов', 1, '1', '', 1, 1, NULL),
(35, NULL, 'K03.2', 'K03.2', 'Эрозия зубов', 1, '1', '', 1, 1, NULL),
(36, NULL, 'K03.3', 'K03.3', 'Патологическая резорбция зубов', 1, '1', '', 1, 1, NULL),
(37, NULL, 'K03.4', 'K03.4', 'Гиперцементоз', 1, '1', '', 1, 1, NULL),
(38, NULL, 'K03.5', 'K03.5', 'Анкилоз зубов', 1, '1', '', 1, 1, NULL),
(39, NULL, 'K03.6', 'K03.6', 'Отложения (наросты) на зубах', 19, '1,3', '', 1, 1, NULL),
(40, NULL, 'K03.7', 'K03.7', 'Смена цвета твердых тканей зубов после прорезывания', 1, '1,3', '', 1, 1, NULL),
(41, NULL, 'K03.8', 'K03.8', 'Другие уточненные болезни твердых тканей зубов', 1, '1', '', 1, 1, NULL),
(42, NULL, 'K03.9', 'K03.9', 'Болезнь твердых тканей зубов, неуточненная', 1, '1', '', 1, 1, NULL),
(43, NULL, 'K04.0', 'K04.0', 'Пульпит', 2, '1', '', 1, 1, NULL),
(44, NULL, 'K04.1', 'K04.1', 'Некроз пульпы', 2, '1', '', 1, 1, NULL),
(45, NULL, 'K04.2', 'K04.2', 'Дегенерация пульпы', 1, '1', '', 1, 1, NULL),
(46, NULL, 'K04.3', 'K04.3', 'Аномальные образования твердых тканей в пульпе', 1, '1', '', 1, 1, NULL),
(47, NULL, 'K04.4', 'K04.4', 'Острый апикальный периодонтит пульпарного происхождения', 3, '1', '', 1, 1, NULL),
(48, NULL, 'K04.5', 'K04.5', 'Хронический апикальный периодонтит', 3, '1', '', 1, 1, NULL),
(49, NULL, 'K04.6', 'K04.6', 'Периапикальный абсцесс с полостью', 3, '1', '', 1, 1, NULL),
(50, NULL, 'K04.7', 'K04.7', 'Периапикальний абсцесс без полости', 3, '1', '', 1, 1, NULL),
(51, NULL, 'K04.8', 'K04.8', 'Корневая киста', 1, '1', '', 1, 1, NULL),
(52, NULL, 'K04.9', 'K04.9', 'Другие и неуточненные заболевания пульпы и периапикальных тканей', 3, '1', '', 1, 1, NULL),
(53, NULL, 'K05.0', 'K05.0', 'Острый гингивит', 1, '1,3', '', 1, 1, NULL),
(54, NULL, 'K05.11', 'K05.11', 'Хронический гингивит у детей и подростков', 1, '1,3', '', 1, 4, NULL),
(55, NULL, 'K05.2', 'K05.2', 'Острый периодонтит', 3, '1', '', 1, 1, NULL),
(56, NULL, 'K05.32', 'K05.32', 'Хронический периодонтит у детей и подростков', 3, '1', '', 1, 4, NULL),
(57, NULL, 'K05.4', 'K05.4', 'Пародонтоз', 1, '1,3', '', 1, 1, NULL),
(58, NULL, 'K05.6', 'K05.6', 'Болезнь пародонта, неуточненная', 1, '1,3', '', 1, 1, NULL),
(59, NULL, 'K05.5', 'K05.5', 'Другие заболевания пародонта', 1, '1,3', '', 1, 1, NULL),
(60, NULL, 'K05.30', 'K05.30', 'Пародонтит локализованный', 4, '1,3', '', 1, 1, NULL),
(61, NULL, 'K05.31', 'K05.31', 'Пародонтит генерализованный', 5, '1,3', '', 1, 1, NULL),
(62, NULL, 'K05.12', 'K05.12', 'Гингивит язвенный', 1, '1,3', '', 1, 1, NULL),
(63, NULL, 'K03.10', 'K03.10', 'Клиноподобный дефект', 1, '1', '', 1, 1, NULL),
(64, NULL, 'K06.0', 'K06.0', 'Оседание десен', 1, '1,3', '', 1, 1, NULL),
(65, NULL, 'K06.1', 'K06.1', 'Гипертрофия десен', 1, '1,3', '', 1, 1, NULL),
(66, NULL, 'K06.2', 'K06.2', 'Повреждения десен и беззубого альвеолярного отростка, связ. с травмой', 1, '1,3', '', 1, 1, NULL),
(67, NULL, 'K06.8', 'K06.8', 'Другие уточненные поражения десен и беззубого альвеолярного отростка', 1, '1,3', '', 1, 1, NULL),
(68, NULL, 'K06.9', 'K06.9', 'Поражения десен и беззубого альвеолярного отростка, неуточненные', 1, '1,3', '', 1, 1, NULL),
(69, NULL, 'K07.0', 'K07.0', 'Основные аномалии размеров челюстей', 1, '1,3', '', 1, 5, NULL),
(70, NULL, 'K07.00', 'K07.00', 'Макрогнатия верхняя', 1, '1,3', '', 1, 5, NULL),
(71, NULL, 'K07.01', 'K07.01', 'Макрогнатия нижняя', 1, '1,3', '', 1, 5, NULL),
(72, NULL, 'K07.04', 'K07.04', 'Микрогнатия нижняя', 1, '1,3', '', 1, 5, NULL),
(73, NULL, 'K07.03', 'K07.03', 'Микрогнатия верхняя', 1, '1,3', '', 1, 5, NULL),
(74, NULL, 'K07.1', 'K07.1', 'Аномалии челюстно-черепных соотношений', 1, '1,3', '', 1, 5, NULL),
(75, NULL, 'K07.2', 'K07.2', 'Аномалии соотношений зубных дуг', 1, '1,3', '', 1, 5, NULL),
(76, NULL, 'K07.12', 'K07.12', 'Прогнатия верхняя', 1, '1,3', '', 1, 5, NULL),
(77, NULL, 'K07.11', 'K07.11', 'Прогнатия нижняя', 1, '1,3', '', 1, 5, NULL),
(78, NULL, 'K07.13', 'K07.13', 'Ретрогнатия нижняя', 1, '1,3', '', 1, 5, NULL),
(79, NULL, 'K07.14', 'K07.14', 'Ретрогнатия верхняя', 1, '1,3', '', 1, 5, NULL),
(80, NULL, 'K07.3', 'K07.3', 'Аномалии положения зубов', 1, '1,3', '', 1, 5, NULL),
(81, NULL, 'K07.20', 'K07.20', 'Дистальный прикус', 1, '1,4', '', 1, 5, NULL),
(82, NULL, 'K07.21', 'K07.21', 'Мезиальный прикус', 1, '1,4', '', 1, 5, NULL),
(83, NULL, 'K07.22', 'K07.22', 'Глубокий прикус', 1, '1,4', '', 1, 5, NULL),
(84, NULL, 'K07.24', 'K07.24', 'Открытый прикус', 1, '1,4', '', 1, 5, NULL),
(85, NULL, 'K07.25', 'K07.25', 'Косой прикус', 1, '1,4', '', 1, 5, NULL),
(86, NULL, 'K07.31', 'K07.31', 'Вестибулярное расположение зубов', 1, '1,3', '', 1, 5, NULL),
(87, NULL, 'K07.32', 'K07.32', 'Оральное расположение зубов', 1, '1,3', '', 1, 5, NULL),
(88, NULL, 'K07.33', 'K07.33', 'Мезиальное расположение зубов', 1, '1,3', '', 1, 5, NULL),
(89, NULL, 'K07.34', 'K07.34', 'Дистальное расположение зубов', 1, '1,3', '', 1, 5, NULL),
(90, NULL, 'K07.35', 'K07.35', 'Супра-инфраоклюзия', 1, '1,3', '', 1, 5, NULL),
(91, NULL, 'K07.36', 'K07.36', 'Тортоаномалии', 1, '1,3', '', 1, 5, NULL),
(92, NULL, 'K07.37', 'K07.37', 'Тремы, диастемы', 1, '1,3', '', 1, 5, NULL),
(93, NULL, 'K07.38', 'K07.38', 'Транспозиция', 1, '1,3', '', 1, 5, NULL),
(94, NULL, 'K07.4', 'K07.4', 'Аномалия прикуса, неуточненная', 1, '1,3', '', 1, 5, NULL),
(95, NULL, 'K07.5', 'K07.5', 'Челюстно-лицевые функциональные аномалии', 1, '1,3', '', 1, 5, NULL),
(96, NULL, 'K07.6', 'K07.6', 'Болезни височно-нижнечелюстного сустава', 1, '1,7', '', 1, 3, NULL),
(97, NULL, 'K07.8', 'K07.8', 'Другие челюстно-лицевые  аномалии', 1, '1,3', '', 1, 5, NULL),
(98, NULL, 'K07.9', 'K07.9', 'Челюстно-лицевая аномалия, неуточненная', 1, '1,3', '', 1, 5, NULL),
(99, NULL, 'K07.60', 'K07.60', 'Синдром болевой дисфункции височно-нижнечелюстного сустава', 1, '1,7', '', 1, 2, NULL),
(100, NULL, 'K05.22', 'K05.22', 'Периокоронарит', 1, '1', '', 1, 2, NULL),
(101, NULL, 'K00.40', 'K00.40', 'Болезни твердых тканей зуба', 1, '1', '', 1, 3, NULL),
(102, NULL, 'K03.00', 'K03.00', 'Патологическое стирание зубов', 1, '1', '', 1, 3, NULL),
(103, NULL, 'K00.00', 'K00.00', 'Адентия частичная вторичная', 1, '1,4', '', 1, 3, NULL),
(104, NULL, 'K00.02', 'K00.02', 'Адентия частичная вторичная, осложненная деформацией зубных дуг', 1, '1,4', '', 1, 3, NULL),
(105, NULL, 'K02.01', 'K02.01', 'Кариес эмали временных зубов', 1, '1', '', 1, 4, NULL),
(106, NULL, 'K02.21', 'K02.21', 'Кариес цемента временных зубов', 1, '1', '', 1, 4, NULL),
(107, NULL, 'K02.1', 'K02.1', 'Кариес дентина', 1, '1', '', 1, 1, NULL),
(108, NULL, 'K02.3', 'K02.3', 'Приостановленный кариес зубов', 1, '1', '', 1, 1, NULL),
(109, NULL, 'K02.41', 'K02.41', 'Одонтоклазия временных зубов', 1, '1', '', 1, 4, NULL),
(110, NULL, 'K04.01', 'K04.01', 'Пульпит временных зубов', 2, '1', '', 1, 4, NULL),
(111, NULL, 'K04.11', 'K04.11', 'Некроз пульпы временных зубов', 2, '1', '', 1, 4, NULL),
(112, NULL, 'K04.21', 'K04.21', 'Дегенерация пульпы временных зубов', 1, '1', '', 1, 4, NULL),
(113, NULL, 'K04.31', 'K04.31', 'Аномальные образования твердых тканей в пульпе временных зубов', 1, '1', '', 1, 4, NULL),
(114, NULL, 'K04.41', 'K04.41', 'Острый апикальный периодонтит пульпарного происхождения временных зубов', 3, '1', '', 1, 4, NULL),
(115, NULL, 'K04.51', 'K04.51', 'Хронический апикальный периодонтит временных зубов', 3, '1', '', 1, 4, NULL),
(116, NULL, 'K04.61', 'K04.61', 'Периапикальный абсцесс временных зубов с полостью', 3, '1', '', 1, 4, NULL),
(117, NULL, 'K04.71', 'K04.71', 'Периапикальний абсцесс временных зубов без полости', 3, '1', '', 1, 4, NULL),
(118, NULL, 'K05.01', 'K05.01', 'Острый гингивит у детей и подростков', 1, '1,3', '', 1, 4, NULL),
(119, NULL, 'K05.21', 'K05.21', 'Острый периодонтит у детей и подростков', 3, '1', '', 1, 4, NULL),
(120, NULL, 'K05.41', 'K05.41', 'Пародонтоз у детей и подростков', 1, '1,3', '', 1, 4, NULL),
(121, NULL, 'A69.10', 'A69.10', 'Язвенно-некротичный гингивостоматит Венсана у детей и подростков', 1, '1,4', '', 1, 4, NULL),
(122, NULL, 'B00.20', 'B00.20', 'Герпетичный гингивостоматит у детей и подростков', 1, '1,4', '', 1, 4, NULL),
(123, NULL, 'K08.0', 'K08.0', 'Эксфолиация зубов, причиненная системными заболеваниями', 1, '1,3', '', 1, 2, NULL),
(124, NULL, 'K08.1', 'K08.1', 'Утрата зубов в следствии несчасного случая, удаления или локального поражения пародонта', 7, '1', '', 1, 2, NULL),
(125, NULL, 'K08.2', 'K08.2', 'Атрофия беззубого альвеолярного отростка', 1, '1', '', 1, 2, NULL),
(126, NULL, 'K08.3', 'K08.3', 'Задержка зубного корня (ретенционный корень)', 6, '1', '', 1, 2, NULL),
(127, NULL, 'K08.8', 'K08.8', 'Другие уточненные повреждения зубов и их опорного аппарата', 1, '1', '', 1, 2, NULL),
(128, NULL, 'K08.9', 'K08.9', 'Повреждения зубов и их опорного аппарата, неуточненное', 1, '1', '', 1, 2, NULL),
(129, NULL, 'K09.0', 'K09.0', 'Кисты, которые образовались в процессе формирования зубов', 1, '1,3', '', 1, 4, NULL),
(130, NULL, 'K09.1', 'K09.1', 'Кисты полости рта, не связанные с формированием зубов', 1, '1,3', '', 1, 2, NULL),
(131, NULL, 'K09.2', 'K09.2', 'Другие кисты челюсти', 1, '1,3', '', 1, 2, NULL),
(132, NULL, 'K09.8', 'K09.8', 'Другие уточненные кисты полости рта, не классифиц. в других рубриках', 1, '1,4,3', '', 1, 2, NULL),
(133, NULL, 'K09.9', 'K09.9', 'Киста полости рта, неуточненная', 1, '1,4,3', '', 1, 2, NULL),
(134, NULL, 'K10.0', 'K10.0', 'Нарушения развития челюстей', 1, '1,3', '', 1, 4, NULL),
(135, NULL, 'K10.1', 'K10.1', 'Гигантоклеточная гранулема, центральная', 1, '1,3', '', 1, 2, NULL),
(136, NULL, 'K10.2', 'K10.2', 'Воспалительные заболевания челюстей', 1, '1,3', '', 1, 2, NULL),
(137, NULL, 'K10.22', 'K10.22', 'Периостит', 1, '1,3', '', 1, 2, NULL),
(138, NULL, 'K10.3', 'K10.3', 'Альвеолит челюстей', 1, '1,3', '', 1, 2, NULL),
(139, NULL, 'K10.8', 'K10.8', 'Другие заболевания челюстей', 1, '1,3', '', 1, 2, NULL),
(140, NULL, 'K10.9', 'K10.9', 'Болезнь челюстей, неуточненная', 1, '1,3', '', 1, 2, NULL),
(141, NULL, 'K11.0', 'K11.0', 'Атрофия слюнной железы', 1, '1,6', '', 1, 2, NULL),
(142, NULL, 'K11.1', 'K11.1', 'Гипертрофия слюнной железы', 1, '1,6', '', 1, 2, NULL),
(143, NULL, 'K11.2', 'K11.2', 'Сиалоденит', 1, '1,6', '', 1, 2, NULL),
(144, NULL, 'K11.3', 'K11.3', 'Абсцесс слюнной железы', 1, '1,6', '', 1, 2, NULL),
(145, NULL, 'K11.4', 'K11.4', 'Свищ слюнной железы', 1, '1,6', '', 1, 2, NULL),
(146, NULL, 'K11.5', 'K11.5', 'Сиалолитиаз', 1, '1,6', '', 1, 2, NULL),
(147, NULL, 'K11.6', 'K11.6', 'Мукоцеле слюнной железы', 1, '1,6', '', 1, 2, NULL),
(148, NULL, 'K11.7', 'K11.7', 'Нарушения секреции слюнных желез', 1, '1,6', '', 1, 2, NULL),
(149, NULL, 'K11.8', 'K11.8', 'Другие заболевания слюнных желез', 1, '1,6', '', 1, 2, NULL),
(150, NULL, 'K11.9', 'K11.9', 'Болезнь слюнной железы, неуточненное', 1, '1,6', '', 1, 2, NULL),
(151, NULL, 'K12.0', 'K12.0', 'Рецидивируюшие афты полости рта', 1, '1,4', '', 1, 1, NULL),
(152, NULL, 'K12.1', 'K12.1', 'Другие формы стоматита', 1, '1,4', '', 1, 1, NULL),
(153, NULL, 'K12.2', 'K12.2', 'Флегмона и абсцесс полости рта', 1, '1,4', '', 1, 2, NULL),
(154, NULL, 'K13.0', 'K13.0', 'Хейлиты', 1, '5,1', '', 1, 1, NULL),
(155, NULL, 'K13.1', 'K13.1', 'Прикусывание щеки и губы', 1, '5,1', '', 1, 1, NULL),
(156, NULL, 'K13.2', 'K13.2', 'Лейкоплакия и другие поражения эпителия полости рта, включая язык', 1, '5,1,4,2', '', 1, 1, NULL),
(157, NULL, 'K13.3', 'K13.3', 'Волосатая лейкоплакия', 1, '1,4,2', '', 1, 1, NULL),
(158, NULL, 'K13.4', 'K13.4', 'Гранулема и гранулемоподобные поражения слизистой оболочки полости рта', 1, '1,4', '', 1, 1, NULL),
(159, NULL, 'K13.5', 'K13.5', 'Подслизистый фиброз полости рта', 1, '1,4', '', 1, 1, NULL),
(160, NULL, 'K13.6', 'K13.6', 'Гиперплазия слизистой оболочки полости рта, вследствии раздражения', 1, '1,4', '', 1, 1, NULL),
(161, NULL, 'K13.7', 'K13.7', 'Другие и неуточненные поражения слизистой оболочки полости рта', 1, '1,4', '', 1, 1, NULL),
(162, NULL, 'K13.01', 'K13.01', 'Хроническая рецидивная трещина губы', 1, '5,1', '', 1, 1, NULL),
(163, NULL, 'L02.0', 'L02.0', 'Карбункул и фурункул челюстно-лицевого участка', 1, '1,4,3', '', 1, 2, NULL),
(164, NULL, 'K14.0', 'K14.0', 'Глосит', 1, '1,2', '', 1, 1, NULL),
(165, NULL, 'K10.20', 'K10.20', 'Острый остеомелит челюсти', 1, '1,3', '', 1, 2, NULL),
(166, NULL, 'K14.1', 'K14.1', 'Географический язык', 1, '1,2', '', 1, 1, NULL),
(167, NULL, 'K14.2', 'K14.2', 'Серединный ромбовидный глосит', 1, '1,2', '', 1, 1, NULL),
(168, NULL, 'K14.3', 'K14.3', 'Гипертрофия сосочков языка', 1, '1,2', '', 1, 1, NULL),
(169, NULL, 'K14.4', 'K14.4', 'Атрофия сосочков языка', 1, '1,2', '', 1, 1, NULL),
(170, NULL, 'K14.5', 'K14.5', 'Складчатый язык', 1, '1,2', '', 1, 1, NULL),
(171, NULL, 'K14.6', 'K14.6', 'Глосодиния', 1, '1,2', '', 1, 1, NULL),
(172, NULL, 'K14.8', 'K14.8', 'Другие заболевания языка', 1, '1,2', '', 1, 1, NULL),
(173, NULL, 'K14.9', 'K14.9', 'Болезнь языка, неуточненная', 1, '1,2', '', 1, 1, NULL),
(174, NULL, 'L55.0', 'L55.0', 'Хейлит, вследствии радиационного поражения', 1, '5,1,4', '', 1, 1, NULL),
(175, NULL, 'M35.0', 'M35.0', 'Синдром  сухости (Шегрена)', 1, '1,4', '', 1, 1, NULL),
(176, NULL, 'Q38.2', 'Q38.2', 'Макроглосия (врожденная)', 1, '1,2', '', 1, 4, NULL),
(177, NULL, 'Q38.3', 'Q38.3', 'Расщепленный язык (врожденный)', 1, '1,2', '', 1, 4, NULL),
(178, NULL, 'Q38.4', 'Q38.4', 'Врожденный свищ слюнной железы', 1, '1,6', '', 1, 4, NULL),
(179, NULL, 'Q87.0', 'Q87.0', 'Синдром Робина', 1, '1,4', '', 1, 1, NULL),
(180, NULL, 'R68.2', 'R68.2', 'Сухость полости рта БДВ', 1, '1,4', '', 1, 1, NULL),
(181, NULL, 'S03.0', 'S03.0', 'Вывих височно-нижнечелюстного сустава', 1, '1,7', '', 1, 2, NULL),
(182, NULL, 'S03.4', 'S03.4', 'Растяжение  височно-нижнечелюстного сустава', 1, '1,7', '', 1, 2, NULL),
(183, NULL, 'A50.5', 'A50.5', 'Зубы Гетчинсона и тутовоподобные моляры при врожденном сифилисе', 1, '1,3', '', 1, 4, NULL),
(184, NULL, 'G51.2', 'G51.2', 'Синдром Мелькерсона-Розенталя', 1, '1,3', '', 1, 1, NULL),
(185, NULL, 'B37.0', 'B37.0', 'Кандидоз слизистой оболочки полости рта', 1, '1,4', '', 1, 1, NULL),
(186, NULL, 'B37.03', 'B37.03', 'Стоматит декубитальный', 1, '1,4', '', 1, 1, NULL),
(187, NULL, 'K05.00', 'K05.00', 'Гингивит катаральный', 1, '1,3', '', 1, 1, NULL),
(188, NULL, 'K05.1', 'K05.1', 'Хронический гингивит', 1, '1,3', '', 1, 1, NULL),
(189, NULL, 'K05.10', 'K05.10', 'Гингивит гипертрофический', 1, '1,3', '', 1, 1, NULL),
(190, NULL, 'K12.00', 'K12.00', 'Хронический рецидивирующий афтозный стоматит', 1, '1,4', '', 1, 1, NULL),
(191, NULL, 'S03.2', 'S03.2', 'Вывих зуба', 1, '1', '', 1, 2, NULL),
(192, NULL, 'S03.5', 'S03.5', 'Перелом зуба', 1, '1', '', 1, 2, NULL),
(193, NULL, 'M12.2', 'M12.2', 'Артрит височно-нижнечелюстного сустава', 1, '1,7', '', 1, 2, NULL),
(194, NULL, 'G50.0', 'G50.0', 'Невралгия тройничного нерва', 1, '1,3', '', 1, 2, NULL),
(195, NULL, 'S02.4', 'S02.4', 'Перелом челюстей', 1, '1,3', '', 1, 2, NULL),
(196, NULL, 'S02.5', 'S02.5', 'Перелом верхней челюсти', 1, '1,3', '', 1, 2, NULL),
(197, NULL, 'T28.5', 'T28.5', 'Химический ожог слизистой оболочки полости рта', 1, '1,4', '', 1, 1, NULL),
(198, NULL, 'S02.6', 'S02.6', 'Перелом нижней челюсти', 1, '1,3', '', 1, 2, NULL),
(199, NULL, 'L51.1', 'L51.1', 'Многоформная экссудативная эритема', 1, '1,4', '', 1, 1, NULL);

-- --------------------------------------------------------

--
-- Структура таблицы `diagnosis_type`
--

CREATE TABLE IF NOT EXISTS `diagnosis_type` (
  `id` int(11) NOT NULL AUTO_INCREMENT,
  `archived` tinyint(1) DEFAULT NULL,
  `name` varchar(32) COLLATE utf8_unicode_ci NOT NULL,
  PRIMARY KEY (`id`)
) ENGINE=InnoDB  DEFAULT CHARSET=utf8 COLLATE=utf8_unicode_ci AUTO_INCREMENT=6 ;

--
-- Дамп данных таблицы `diagnosis_type`
--

INSERT INTO `diagnosis_type` (`id`, `archived`, `name`) VALUES
(1, NULL, 'Терапевтическая стоматология'),
(2, NULL, 'Хирургическая стоматология'),
(3, NULL, 'Ортопедическая стоматология'),
(4, NULL, 'Стоматология детского возраста'),
(5, NULL, 'Ортодонтическая стоматология');

-- --------------------------------------------------------

--
-- Структура таблицы `doctors`
--

CREATE TABLE IF NOT EXISTS `doctors` (
  `id` int(11) NOT NULL AUTO_INCREMENT,
  `archived` tinyint(1) DEFAULT NULL,
  `accessLevel` int(11) DEFAULT NULL,
  `familyName` varchar(30) DEFAULT NULL,
  `firstName` varchar(30) DEFAULT NULL,
  `patronymic` varchar(30) DEFAULT NULL,
  `dateOfBirth` date DEFAULT NULL,
  `sex` enum('мужчина','женщина') DEFAULT NULL,
  `job` varchar(30) DEFAULT NULL,
  `photo` varchar(255) DEFAULT NULL,
  `aboutMe` text,
  `phoneMobile` int(12) NOT NULL,
  `phoneHome` int(11) DEFAULT NULL,
  `phoneExtension` varchar(512) DEFAULT NULL,
  `email` varchar(256) NOT NULL,
  `password` varchar(256) NOT NULL,
  `address` text,
  PRIMARY KEY (`id`)
) ENGINE=InnoDB  DEFAULT CHARSET=utf8 AUTO_INCREMENT=5 ;

--
-- Дамп данных таблицы `doctors`
--

INSERT INTO `doctors` (`id`, `archived`, `accessLevel`, `familyName`, `firstName`, `patronymic`, `dateOfBirth`, `sex`, `job`, `photo`, `aboutMe`, `phoneMobile`, `phoneHome`, `phoneExtension`, `email`, `password`, `address`) VALUES
(1, NULL, NULL, 'Дантистовъ', 'Доктор', 'Лекаревич', '1988-01-13', 'мужчина', 'Главврач', NULL, 'Ну, что вам рассказать друзья?\r\nНачну, пожалуй, я с начала...\r\nПо окончании школы, мне уже было уготованно стать зубным мастером, так как мои родители были зубными лекарями. В институте ничем не отличался от своих однокашников. Начал свою зубную практику ещё в школе, в родительском кабинете. По началу уборка, дезинфекция всех инструментов, а спустя много лет, дошло дело и до слепков. К первому пациенту, меня допустили по окончании 4-го курса и продолжил интернатуру под бдительным реководством и чутким надзором своих родителей. За что им и огромная благодарность.\r\nИнтернатура окончена, диплом подтверждён. А я теперь, самостоятельный специалист, с большим багажом знаний и умением работать.\r\nС уважением Дантистовъ Доктор Лекаревич', 0, NULL, NULL, 'dan@mail.ru', '1111', NULL),
(2, NULL, NULL, 'Зубной', 'Доктор', 'Докторович', '1980-10-14', 'мужчина', NULL, NULL, NULL, 0, NULL, NULL, 'zub@mail.ru', '1111', NULL),
(3, NULL, NULL, 'Ведерников', 'Александр', 'Филиппович', '1957-09-19', 'мужчина', NULL, NULL, NULL, 507181920, NULL, NULL, 'dat@mail.ru', '1111', NULL),
(4, NULL, NULL, 'Бутылкин', 'Александр', 'Фёдорович', '1957-09-19', NULL, NULL, NULL, NULL, 45564, NULL, NULL, 'doc01@mail.ru', '1111', NULL);

-- --------------------------------------------------------

--
-- Структура таблицы `illness`
--

CREATE TABLE IF NOT EXISTS `illness` (
  `id` int(11) NOT NULL AUTO_INCREMENT,
  `archived` tinyint(1) DEFAULT NULL,
  `name` varchar(256) COLLATE utf8_unicode_ci NOT NULL,
  `description` varchar(512) COLLATE utf8_unicode_ci DEFAULT NULL,
  PRIMARY KEY (`id`)
) ENGINE=InnoDB  DEFAULT CHARSET=utf8 COLLATE=utf8_unicode_ci AUTO_INCREMENT=15 ;

--
-- Дамп данных таблицы `illness`
--

INSERT INTO `illness` (`id`, `archived`, `name`, `description`) VALUES
(1, 0, 'Гепатит С', 'Открытая форма'),
(2, 0, 'Гепатит А', 'Открытая форма'),
(3, 0, 'Гепатит Б', 'Открытая форма'),
(4, 0, 'ВИЧ', ''),
(5, 0, 'Сифилис', ''),
(6, 0, 'Сахарный диабет', ''),
(7, 0, 'Туберкулез', ''),
(8, 0, 'Пороки сердца', ''),
(9, 0, 'Гипертония', ''),
(10, 0, 'Инсульт', ''),
(11, 0, 'Инфаркт миокарда', ''),
(12, 0, 'Эпилепсия', ''),
(13, 0, 'Астма', ''),
(14, 0, 'Язва желудка', '');

-- --------------------------------------------------------

--
-- Структура таблицы `ill_destination`
--

CREATE TABLE IF NOT EXISTS `ill_destination` (
  `id` int(11) NOT NULL AUTO_INCREMENT,
  `archived` blob,
  `name` varchar(256) COLLATE utf8_unicode_ci DEFAULT NULL,
  PRIMARY KEY (`id`)
) ENGINE=InnoDB  DEFAULT CHARSET=utf8 COLLATE=utf8_unicode_ci AUTO_INCREMENT=8 ;

--
-- Дамп данных таблицы `ill_destination`
--

INSERT INTO `ill_destination` (`id`, `archived`, `name`) VALUES
(1, NULL, 'Зуб'),
(2, NULL, 'Язык'),
(3, NULL, 'Челюсть'),
(4, NULL, 'Полость рта'),
(5, NULL, 'Губа'),
(6, NULL, 'Слюнная железа'),
(7, NULL, 'НВЧС');

-- --------------------------------------------------------

--
-- Структура таблицы `medical_info`
--

CREATE TABLE IF NOT EXISTS `medical_info` (
  `id` int(11) NOT NULL,
  `idTypeBite` int(11) DEFAULT NULL,
  `idVitaColor` int(11) DEFAULT NULL,
  `idsDoctors` text,
  `allergyAnamnesis` text,
  `idsIllness` text,
  `evolutionDisease` text,
  `objectiveResearch` text,
  `indexPIPMA` text,
  `xRayData` text,
  PRIMARY KEY (`id`),
  UNIQUE KEY `patientId` (`id`)
) ENGINE=InnoDB DEFAULT CHARSET=utf8;

--
-- Дамп данных таблицы `medical_info`
--

INSERT INTO `medical_info` (`id`, `idTypeBite`, `idVitaColor`, `idsDoctors`, `allergyAnamnesis`, `idsIllness`, `evolutionDisease`, `objectiveResearch`, `indexPIPMA`, `xRayData`) VALUES
(1, 0, 0, '', '', NULL, '', '', '', ''),
(2, 0, 0, '', '', NULL, '', '', '', ''),
(3, 3, 5, '1,2', 'bcvxbcxvb', '4,2,3,1,8', 'fdsaf', 'dsafdsa', 'fdsafds', 'afdsafdsa'),
(4, 0, 0, '', '', NULL, '', '', '', ''),
(5, 0, 0, '', '', '0', '', '', '', ''),
(6, 0, 0, '', '', '0', '', '', '', ''),
(7, 0, 0, '', '', '0', '', '', '', ''),
(8, 4, 4, '1,2', 'павпавыпавы', '13,4,2,3', 'вапвыапав', 'ыпавыпавы', 'вапваыпавы', 'авыпавыпавыпавыпавы'),
(9, 0, 0, '', '', '0', '', '', '', ''),
(10, 0, 0, '', '', '0', '', '', '', ''),
(11, 0, 0, '', '', '0', '', '', '', ''),
(12, 2, 7, '3,4', '', '13,4', '', '', '', ''),
(13, 0, 0, '', '', '0', '', '', '', ''),
(14, 0, 0, '', '', '0', '', '', '', ''),
(15, 0, 0, '', '', '0', '', '', '', ''),
(16, 0, 0, '', '', '0', '', '', '', ''),
(17, 0, 0, '', '', '0', '', '', '', ''),
(18, 0, 0, '', '', '0', '', '', '', ''),
(19, 0, 0, '', '', '0', '', '', '', ''),
(20, 0, 0, '', '', '0', '', '', '', ''),
(21, 0, 0, '', '', '0', '', '', '', ''),
(22, 0, 0, '', '', '0', '', '', '', ''),
(23, 0, 0, '', '', '0', '', '', '', ''),
(24, 0, 0, '', '', '0', '', '', '', ''),
(25, 0, 0, '', '', '0', '', '', '', ''),
(26, 0, 0, '', '', '0', '', '', '', '');

-- --------------------------------------------------------

--
-- Структура таблицы `patients`
--

CREATE TABLE IF NOT EXISTS `patients` (
  `id` int(11) NOT NULL AUTO_INCREMENT,
  `archived` tinyint(1) DEFAULT NULL,
  `familyName` varchar(30) DEFAULT NULL,
  `firstName` varchar(30) DEFAULT NULL,
  `patronymic` varchar(30) DEFAULT NULL,
  `dateOfBirth` date DEFAULT NULL,
  `sex` enum('мужчина','женщина') DEFAULT NULL,
  `profession` varchar(50) DEFAULT NULL,
  `email` varchar(255) DEFAULT NULL,
  `phoneHome` varchar(12) DEFAULT NULL,
  `phoneWork` varchar(12) DEFAULT NULL,
  `phoneMobile` varchar(12) DEFAULT NULL,
  `address` text,
  `recommend` text,
  `photo` varchar(255) DEFAULT NULL,
  `doctors` text,
  `additionalData` text,
  `dateCreate` date NOT NULL,
  PRIMARY KEY (`id`)
) ENGINE=InnoDB  DEFAULT CHARSET=utf8 AUTO_INCREMENT=27 ;

--
-- Дамп данных таблицы `patients`
--

INSERT INTO `patients` (`id`, `archived`, `familyName`, `firstName`, `patronymic`, `dateOfBirth`, `sex`, `profession`, `email`, `phoneHome`, `phoneWork`, `phoneMobile`, `address`, `recommend`, `photo`, `doctors`, `additionalData`, `dateCreate`) VALUES
(1, NULL, 'Сидоров', 'Пётр', 'Иванович', '1988-01-15', 'мужчина', 'Токарь', 'test@mail.ru', '732-88-65', '734-88-76', '0671231111', 'г. Одесса, ул. Пушкина, д. 3, кв. 47', 'От Семён Семёныча', NULL, '1, 2, 3, ', 'Тщательно следит за полостью рта.', '0000-00-00'),
(2, NULL, 'Путин', 'Владимир', 'Влаимирвич', '1952-10-07', 'мужчина', 'Президент РФ', 'Pytin@mail.ru', '7332343', '', '2147483647', 'г. Москва, пр. Жукова, д. 5, кв. 98, ст. м. Краснооктябрская ', 'Медведев', NULL, NULL, '', '0000-00-00'),
(3, NULL, 'Сидоров', 'Афонасий', 'Миронович', '2001-02-06', 'мужчина', 'Таксист', 'mail@mail.ru', '', '', '2147483647', 'Минск, ул.Фабрициуса, 8Б/1,520', 'Рекламма', NULL, NULL, '', '0000-00-00'),
(8, NULL, 'Бобриков', 'Алексей', 'Степанович', '1984-03-23', 'мужчина', '', 'bcxvbvxc@mail.ru', '', '', '0481236457', 'hgfdhfgdh', 'gfdhfd', NULL, '', '', '0000-00-00'),
(9, NULL, 'Бондаренко', 'Юрий', 'Николаевич', '1965-11-07', 'мужчина', 'Налётчик', 'bond@mail.ru', '75-300-300', '256-11-11', '0985656586', 'г. Минск, ул. Центральная, д. 1, кв 5', 'Паханом', NULL, '', 'Дополнительная информация.', '0000-00-00'),
(11, NULL, 'Сидоров', 'Фёдр', 'Афонасьевичь', '1976-01-01', 'мужчина', 'Участковый', 'big@mail.com', '4543456', '456765765', '0345435345', '', '', NULL, NULL, '', '0000-00-00'),
(12, NULL, 'Фудицан', 'Роман', 'Абрамович', '0000-00-00', 'мужчина', '', '', '', '', '', '', '', '', '2, ', '', '0000-00-00'),
(16, NULL, 'Труханов', 'Сергей', 'Виниаминович', '1953-04-23', 'мужчина', '', '', '', '', '', '', '', NULL, '2, 3, 4, ', '', '0000-00-00'),
(17, NULL, 'Пугачёва', 'Алла', 'Борисовна', '1955-04-13', 'женщина', 'Певичка', 'alla@mail.ru', '', '', '', '', '', NULL, '1, 2, 3, ', '', '0000-00-00'),
(18, NULL, 'Мронова', 'Настя', 'Андреевна', '0000-00-00', 'женщина', '', '', '', '', '', '', '', '', '', '', '0000-00-00'),
(19, NULL, 'Соловей', 'Елена', 'Яковлевна', '1947-02-24', 'женщина', '', '', '', '', '', '', '', '', '', '', '0000-00-00'),
(20, NULL, 'Беляева', 'Галина', 'Викторовна', '1961-04-26', 'женщина', '', '', '', '', '', '', '', '', '', '', '0000-00-00'),
(21, NULL, 'Дятлов', 'Евгений', 'Валерьевич', '1963-03-02', 'мужчина', '', '', '', '', '', '', '', '', '', '', '0000-00-00'),
(22, NULL, 'Жандаров', 'Кирилл', 'Валерьевич', '1983-03-29', 'мужчина', '', '', '', '', '', '', '', '', '', '', '0000-00-00'),
(23, NULL, 'Казначеева', 'Мария', 'Александровна', '1981-09-17', 'женщина', '', '', '', '', '', '', '', '', '', '', '0000-00-00'),
(24, NULL, 'Засухина', 'Марина', 'Владимировна', '1976-08-22', 'женщина', '', '', '', '', '', '', '', '', '', '', '0000-00-00'),
(25, NULL, 'Минин', 'Козьма', 'Захарьев', '1974-05-12', 'мужчина', '', '', '', '', '', '', '', NULL, NULL, '', '0000-00-00'),
(26, NULL, 'Пожарский', 'Дмитрий', 'Михайлович', '1978-11-01', 'мужчина', '', '', '', '', '', '', '', NULL, '', '', '0000-00-00');

-- --------------------------------------------------------

--
-- Структура таблицы `price`
--

CREATE TABLE IF NOT EXISTS `price` (
  `id` int(11) NOT NULL AUTO_INCREMENT,
  `archived` tinyint(1) DEFAULT NULL,
  `name` varchar(128) COLLATE utf8_unicode_ci NOT NULL,
  `kod` varchar(16) COLLATE utf8_unicode_ci NOT NULL,
  `summ` float NOT NULL DEFAULT '0',
  `sum_auto` float DEFAULT '0',
  `ids_work_kind` varchar(256) COLLATE utf8_unicode_ci DEFAULT NULL,
  `ids_work_group` int(11) DEFAULT NULL,
  `autogenerated` tinyint(1) DEFAULT NULL,
  `guarantee_length` int(11) DEFAULT NULL,
  `id_print_forms` int(11) DEFAULT NULL,
  `uet` float NOT NULL DEFAULT '0',
  PRIMARY KEY (`id`)
) ENGINE=InnoDB  DEFAULT CHARSET=utf8 COLLATE=utf8_unicode_ci AUTO_INCREMENT=114 ;

--
-- Дамп данных таблицы `price`
--

INSERT INTO `price` (`id`, `archived`, `name`, `kod`, `summ`, `sum_auto`, `ids_work_kind`, `ids_work_group`, `autogenerated`, `guarantee_length`, `id_print_forms`, `uet`) VALUES
(1, NULL, 'Консультация  врача', '1', 6, 0, NULL, 2, 1, 0, 1, 0),
(2, NULL, 'Анастезия аппликационная', '2', 6, 0, NULL, 2, 1, 0, 1, 0),
(3, NULL, 'Анастезия  проводниковая', '3', 18, 0, NULL, 2, 1, 0, 1, 0),
(4, NULL, 'Анастезия  инфильтрационная', '4', 12, 0, NULL, 2, 1, 0, 1, 0),
(5, NULL, 'Лазерная  терапия', '132', 3, 0, NULL, 6, 1, 0, 1, 0),
(6, NULL, 'Местная  флюоризация', '131', 60, 0, NULL, 6, 1, 0, 1, 0),
(7, NULL, 'Проведение реминерализационной терапии', '130', 60, 0, NULL, 6, 1, 0, 1, 0),
(8, NULL, 'Починка ортодонтического аппарата', '124', 30, 0, NULL, 8, 1, 0, 1, 0),
(9, NULL, 'Шинирование зубов', '123', 300, 0, NULL, 8, 1, 0, 1, 0),
(10, NULL, 'Ортодонтическая коронка', '122', 90, 0, NULL, 8, 1, 0, 1, 0),
(11, NULL, 'Замена лигатур, тяг, пружин', '121', 20, 0, NULL, 8, 1, 0, 1, 0),
(12, NULL, 'Замена дуги', '120', 25, 0, NULL, 8, 1, 0, 1, 0),
(13, NULL, 'Установка брекет-системы на одну челюсть - керамической', '119', 2160, 0, NULL, 8, 1, 0, 1, 0),
(14, NULL, 'Установка брекет-системы на одну челюсть-метал. класса Стандарт', '118', 780, 0, NULL, 8, 1, 0, 1, 0),
(15, NULL, 'Установка брекет-системы на одну челюсть метал. класса Элит', '117', 1200, 0, NULL, 8, 1, 0, 1, 0),
(16, NULL, 'Активация /коррекция/ ортодонтического аппарата', '116', 6, 0, NULL, 8, 1, 0, 1, 0),
(17, NULL, 'Установка ортодонтической пластинки 2 кат. класса Стандарт', '115', 120, 0, NULL, 8, 1, 0, 1, 0),
(18, NULL, 'Установка ортодонтической пластинки 2 кат. класса Элит', '114', 180, 0, NULL, 8, 1, 0, 1, 0),
(19, NULL, 'Установка ортодонтической пластинки 1 кат. класса Стандарт', '113', 95, 0, NULL, 8, 1, 0, 1, 0),
(20, NULL, 'Установка ортодонтической пластинки 1 кат. класса Элит', '112', 150, 0, NULL, 8, 1, 0, 1, 0),
(21, NULL, 'Выбор метода лечения (снятие оттиска и расчет на диагностических моделях)', '111', 20, 0, NULL, 8, 1, 0, 1, 0),
(22, NULL, 'Консультация врача (клиническое обследование)', '110', 15, 0, NULL, 8, 1, 0, 1, 0),
(23, NULL, 'Микропротез пластмассовый', '99', 60, 0, NULL, 10, 1, 0, 1, 0),
(24, NULL, 'Коронка штампованная с напылением  /титан/', '98', 100, 0, NULL, 10, 1, 0, 1, 0),
(25, NULL, 'Бюгельный протез с аттачменами', '97', 2100, 0, NULL, 10, 1, 0, 1, 0),
(26, NULL, 'Сложный бюгельный протез', '96', 1500, 0, NULL, 10, 1, 0, 1, 0),
(27, NULL, 'Простой бюгельный протез', '95', 900, 0, NULL, 10, 1, 0, 1, 0),
(28, NULL, 'Починка протеза- перелом базиса , приварка одного кламмера или  приварка 4-х зубов', '94', 48, 0, NULL, 10, 1, 0, 1, 0),
(29, NULL, '- приварка 3-х зубов', '93', 42, 0, NULL, 10, 1, 0, 1, 0),
(30, NULL, 'Починка протеза перелом базиса  приварка 2-х зубов', '92', 36, 0, NULL, 10, 1, 0, 1, 0),
(31, NULL, 'Починка протеза перелом базиса приварка 1-го кламмера или 1-го зуба', '91', 30, 0, NULL, 10, 1, 0, 1, 0),
(32, NULL, 'Частичный съемный пластиночный протез (до 5 зубов ) класса Элит', '90', 210, 0, NULL, 10, 1, 0, 1, 0),
(33, NULL, 'Частичный съемный пластиночный протез (до 5 зубов) класса  Стандарт', '89', 150, 0, NULL, 10, 1, 0, 1, 0),
(34, NULL, 'Фиксация одной коронки на стеклоиномерный цемент', '88', 20, 0, NULL, 10, 1, 0, 1, 0),
(35, NULL, 'Фодной коронки на цинк- фосфатный цемент', '87', 15, 0, NULL, 10, 1, 0, 1, 0),
(36, NULL, 'Снятие 1-ой коронки', '86', 15, 0, NULL, 10, 1, 0, 1, 0),
(37, NULL, 'Временная пласмассовая коронка  1-ед,', '85', 30, 0, NULL, 10, 1, 0, 1, 0),
(38, NULL, 'Культевая вкладка (2-корневая )', '84', 60, 0, NULL, 10, 1, 0, 1, 0),
(39, NULL, 'Культевая вкладка (1-корневая )', '83', 50, 0, NULL, 10, 1, 0, 1, 0),
(40, NULL, 'Съемный пластиночный протез класса Элит', '82', 480, 0, NULL, 10, 1, 0, 1, 0),
(41, NULL, 'Съемный пластиночный протез класса Стандарт', '81', 270, 0, NULL, 10, 1, 0, 1, 0),
(42, NULL, 'Коронка штампованная с напылением  Булат', '80', 70, 0, NULL, 10, 1, 0, 1, 0),
(43, NULL, 'Коронка телескопическая  с пласмассовой облицовкой', '79', 300, 0, NULL, 10, 1, 0, 1, 0),
(44, NULL, 'Коронка фасеточная ( с керамической облицовкой Кармен )', '78', 300, 0, NULL, 10, 1, 12, 1, 0),
(45, NULL, 'Коронка фасеточная (с керамической облицовкой Синспар )', '77', 240, 0, NULL, 10, 1, 12, 1, 0),
(46, NULL, 'Коронка фасеточная (с керамической облицовкой  Ультропалин )', '76', 220, 0, NULL, 10, 1, 12, 1, 0),
(47, NULL, 'Коронка металлокерамическая  из керамической массы  Кармен  (Германия )', '75', 360, 0, NULL, 10, 1, 12, 1, 0),
(48, NULL, 'Коронка металлокерамическая из керамической  массы Синспар (США)', '74', 300, 0, NULL, 10, 1, 12, 1, 0),
(49, NULL, 'Коронка металлокерамическая из керамической  массы Ультрапалин (Украина )', '73', 280, 0, NULL, 10, 1, 12, 1, 0),
(50, NULL, 'Коронка  цельнолитая металлическая', '72', 130, 0, NULL, 10, 1, 12, 1, 0),
(51, NULL, 'Коронка  металлопластмасса', '71', 160, 0, NULL, 10, 1, 12, 1, 0),
(52, NULL, 'Фотостимуляция тканей ИК-излучением (1 минута)', '70', 2, 0, NULL, 5, 1, 0, 1, 0),
(53, NULL, 'Удаление грануляций', '69', 30, 0, NULL, 5, 1, 0, 1, 0),
(54, NULL, 'Парадонтальная повязка', '68', 30, 0, NULL, 5, 1, 0, 1, 0),
(55, NULL, 'Аппликация медикаментозная', '67', 12, 0, NULL, 5, 1, 0, 1, 0),
(56, NULL, 'Избирательное пришлифование (2-4 зуба)', '66', 12, 0, NULL, 5, 1, 0, 1, 0),
(57, NULL, 'Инъекция', '65', 15, 0, NULL, 5, 1, 0, 1, 0),
(58, NULL, 'Медикаментозная обработка кармана', '64', 12, 0, NULL, 5, 1, 0, 1, 0),
(59, NULL, 'Вскрытие парадонтального абсцесса', '63', 18, 0, NULL, 5, 1, 0, 1, 0),
(60, NULL, 'Обработка слизистой оболочки при стоматитах (1 посещение )', '62', 15, 0, NULL, 5, 1, 0, 1, 0),
(61, NULL, 'Снятие зубных отложений с полировкой (1 челюсть)', '61', 65, 0, NULL, 5, 1, 0, 1, 0),
(62, NULL, 'Серебрение молочных зубов', '52', 10, 0, NULL, 1, 1, 0, 1, 0),
(63, NULL, 'Лечебная временная пломба с кальцийсодержащим препаратом', '51', 20, 0, NULL, 1, 1, 0, 1, 0),
(64, NULL, 'Установка анкерного штифта', '50', 30, 0, NULL, 1, 1, 0, 1, 0),
(65, NULL, 'Закрытие перфорации', '49', 25, 0, NULL, 1, 1, 0, 1, 0),
(66, NULL, 'Сошлифовка острого края', '48', 10, 0, NULL, 1, 1, 0, 1, 0),
(67, NULL, 'Диатермокоагуляция под анастезией', '47', 12, 0, NULL, 1, 1, 0, 1, 0),
(68, NULL, 'Реставрация зуба на штифте материалами хим, отверждения', '46', 110, 0, NULL, 1, 1, 0, 1, 0),
(69, NULL, 'Реставрация зуба на штифте фотополимерными материалами', '45', 180, 0, NULL, 1, 1, 12, 1, 0),
(70, NULL, 'Снятие старой пломбы', '44', 12, 0, NULL, 1, 1, 0, 1, 0),
(71, NULL, 'Наложение девитализирующей пасты', '43', 25, 0, NULL, 1, 1, 0, 1, 0),
(72, NULL, 'Расширение корневого канала химическим способом', '42', 20, 0, NULL, 1, 1, 0, 1, 0),
(73, NULL, 'Медикаментозная обработка канала', '41', 12, 0, NULL, 1, 1, 0, 1, 0),
(74, NULL, 'Распломбировка одного канала', '40', 30, 0, NULL, 1, 1, 0, 1, 0),
(75, NULL, 'Пломбирование одного канала гуттаперчевым штифтом', '39', 15, 0, NULL, 1, 1, 0, 1, 0),
(76, NULL, 'Пломбирование канала лечебной пастой Мультикал', '38', 36, 0, NULL, 1, 1, 0, 1, 0),
(77, NULL, 'Пломбирование канала класса Люкс', '37', 27, 0, NULL, 1, 1, 0, 1, 0),
(78, NULL, 'Пломбирование канала  класса стандарт', '36', 15, 0, NULL, 1, 1, 0, 1, 0),
(79, NULL, 'Фотополимерная пломба (ГК) класса Люкс', '35', 120, 0, NULL, 1, 1, 12, 1, 0),
(80, NULL, 'Фотополимерная пломба (ГК) класса Стандарт', '34', 90, 0, NULL, 1, 1, 12, 1, 0),
(81, NULL, 'Фотополимерная пломба (НК, СК) класса Люкс', '33', 80, 0, NULL, 1, 1, 12, 1, 0),
(82, NULL, 'Фотополимерная пломба (НК, СК) класса Стандарт', '32', 70, 0, NULL, 1, 1, 6, 1, 0),
(83, NULL, 'Химическая пломба (ГК) - стеклоиномерная', '31', 65, 0, NULL, 1, 1, 6, 1, 0),
(84, NULL, 'Химическая пломба (ГК) - композитная', '30', 50, 0, NULL, 1, 1, 6, 1, 0),
(85, NULL, 'Химическая пломба (НК, СК) - стеклоиномерная', '29', 60, 0, NULL, 1, 1, 6, 1, 0),
(86, NULL, 'Химическая пломба (НК, СК) - композитная Люкс', '28', 40, 0, NULL, 1, 1, 6, 1, 0),
(87, NULL, 'Химическая пломба (НК, СК) - композитная Стандарт', '27', 30, 0, NULL, 1, 1, 6, 1, 0),
(88, NULL, 'Покрытие фторсодержащим препаратом -герметизация фиссур лаком (1 зуб)', '26', 25, 0, NULL, 1, 1, 0, 1, 0),
(89, NULL, 'Покрытие фторсодержащим препаратом-гелем (одна челюсть )', '25', 30, 0, NULL, 1, 1, 0, 1, 0),
(90, NULL, 'Периодонтит молочного зуба', '24', 55, 0, NULL, 1, 1, 0, 1, 0),
(91, NULL, 'Пульпит молочного зуба', '23', 48, 0, NULL, 1, 1, 0, 1, 0),
(92, NULL, 'Пломба на молочный зуб - стеклоиномерная', '22', 35, 0, NULL, 1, 1, 0, 1, 0),
(93, NULL, 'Пломба на молочный зуб - композитная', '21', 25, 0, NULL, 1, 1, 0, 1, 0),
(94, NULL, 'Усечение уздечки', '20', 40, 0, NULL, 1, 1, 0, 1, 0),
(95, NULL, 'Гемисекция', '19', 35, 0, NULL, 1, 1, 0, 1, 0),
(96, NULL, 'Сечение капюшона', '18', 30, 0, NULL, 1, 1, 0, 1, 0),
(97, NULL, 'Лечение альвеолита с кюретажем', '17', 18, 0, NULL, 1, 1, 0, 1, 0),
(98, NULL, 'Вскрытие абсцесса', '16', 20, 0, NULL, 1, 1, 0, 1, 0),
(99, NULL, 'Медикаментозная обработка лунки', '15', 12, 0, NULL, 4, 1, 0, 1, 0),
(100, NULL, 'Удаление парадонтозного зуба под апликационной анастезией', '14', 25, 0, NULL, 4, 1, 0, 1, 0),
(101, NULL, 'Сложное удаление постоянного зуба под анастезией', '13', 50, 0, NULL, 4, 1, 0, 1, 0),
(102, NULL, 'Удаление постоянного зуба под анестезией', '12', 30, 0, NULL, 4, 1, 0, 1, 0),
(103, NULL, 'Удаление молочного зуба', '1', 12, 0, NULL, 4, 1, 0, 1, 0),
(104, NULL, 'Рентгенодиагностика (1 снимок)', '7', 6, 0, NULL, 2, 1, 0, 1, 0),
(105, NULL, 'Предмедикация', '6', 6, 0, NULL, 2, 1, 0, 1, 0),
(106, NULL, 'Оказание скорой помощи при острой боли', '5', 15, 0, NULL, 2, 1, 0, 1, 0),
(107, NULL, 'Анестезия инфильтрационная', '4', 15, 0, NULL, 2, 1, 0, 1, 0),
(108, NULL, 'Анестезия  проводниковая', '3', 18, 0, NULL, 2, 1, 0, 1, 0),
(109, NULL, 'Анестезия аппликационная', '2', 6, 0, NULL, 2, 1, 0, 1, 0),
(110, NULL, 'Консультация врача', '1', 6, 0, NULL, 2, 1, 0, 1, 0),
(111, NULL, 'Повторная  рентгенодиагностика (1 снимок)', '8', 3, 0, NULL, 2, 1, 0, 1, 0),
(112, NULL, 'Фиксация брекета ( 1 шт. )', '125', 25, 0, NULL, 8, 1, 0, 1, 0),
(113, NULL, 'Вакуумная терапия при лечении парадонтоза ( 1 сеанс)', '133', 12, 0, NULL, 6, 1, 0, 1, 0);

-- --------------------------------------------------------

--
-- Структура таблицы `print043`
--

CREATE TABLE IF NOT EXISTS `print043` (
  `id` int(11) NOT NULL AUTO_INCREMENT,
  `archived` tinyint(1) DEFAULT NULL,
  `name` varchar(32) COLLATE utf8_unicode_ci NOT NULL,
  `description` varchar(64) COLLATE utf8_unicode_ci DEFAULT NULL,
  PRIMARY KEY (`id`)
) ENGINE=InnoDB  DEFAULT CHARSET=utf8 COLLATE=utf8_unicode_ci AUTO_INCREMENT=20 ;

--
-- Дамп данных таблицы `print043`
--

INSERT INTO `print043` (`id`, `archived`, `name`, `description`) VALUES
(1, NULL, 'C', 'Кариес'),
(2, NULL, 'P', 'Пульпит'),
(3, NULL, 'Pt', 'Периодонтит'),
(4, NULL, 'Lp', 'Локализованный пародонтит'),
(5, NULL, 'Gp', 'Генерализованный пародонтит'),
(6, NULL, 'R', 'Корень'),
(7, NULL, 'A', 'Отсутствующий'),
(8, NULL, 'Cd', 'Коронка'),
(9, NULL, 'Pl', 'Пломба'),
(10, NULL, 'F', 'Фасетка'),
(11, NULL, 'ar', 'Искусственный зуб'),
(12, NULL, 'r', 'Реставрация'),
(13, NULL, 'H', 'Гемисекция'),
(14, NULL, 'Am', 'Ампутация'),
(15, NULL, 'res', 'Резекция'),
(16, NULL, 'pin', 'Штифт'),
(17, NULL, 'i', 'Имплантация'),
(18, NULL, 'Rp', 'Реимплантация'),
(19, NULL, 'De', 'Зубной камень');

-- --------------------------------------------------------

--
-- Структура таблицы `session`
--

CREATE TABLE IF NOT EXISTS `session` (
  `id` int(11) NOT NULL AUTO_INCREMENT,
  `start` datetime NOT NULL,
  `end` datetime NOT NULL,
  `idDoctor` int(11) NOT NULL,
  `idPatient` int(11) NOT NULL,
  `title` varchar(256) COLLATE utf8_unicode_ci NOT NULL,
  `conditionTooth` text COLLATE utf8_unicode_ci,
  `works` text COLLATE utf8_unicode_ci,
  `diagnosis` text COLLATE utf8_unicode_ci,
  PRIMARY KEY (`id`)
) ENGINE=InnoDB  DEFAULT CHARSET=utf8 COLLATE=utf8_unicode_ci AUTO_INCREMENT=3 ;

--
-- Дамп данных таблицы `session`
--

INSERT INTO `session` (`id`, `start`, `end`, `idDoctor`, `idPatient`, `title`, `conditionTooth`, `works`, `diagnosis`) VALUES
(1, '2013-11-05 00:07:08', '2013-11-05 13:36:30', 1, 9, 'Бондаренко', 'a:12:{i:33;a:6:{s:0:"";N;s:11:"root_second";s:2:"16";s:12:"crown_fourth";s:1:"2";s:11:"crown_thrid";s:1:"2";s:11:"crown_fifth";s:1:"2";s:10:"root_thrid";s:2:"16";}s:0:"";a:2:{s:0:"";N;s:11:"crown_thrid";s:1:"8";}i:11;a:1:{s:12:"crown_fourth";s:1:"8";}i:31;a:8:{s:9:"add_crown";s:2:"23";s:4:"bone";s:2:"27";s:11:"crown_thrid";s:1:"8";s:11:"root_second";s:2:"16";s:11:"canal_thrid";s:2:"12";s:14:"implant_second";s:2:"28";s:7:"gingiva";s:2:"13";s:0:"";N;}i:41;a:1:{s:0:"";N;}i:44;a:8:{s:8:"abatment";s:2:"29";s:14:"implant_second";s:2:"28";s:11:"canal_thrid";s:2:"12";s:11:"root_second";s:2:"16";s:12:"crown_fourth";s:1:"8";s:4:"bone";s:2:"27";s:9:"add_crown";s:1:"5";s:0:"";N;}i:22;a:2:{s:8:"abatment";s:2:"29";s:7:"gingiva";s:2:"26";}i:25;a:2:{s:8:"abatment";s:2:"29";s:7:"gingiva";s:2:"26";}i:38;a:1:{s:8:"abatment";s:2:"29";}i:32;a:2:{s:7:"gingiva";s:2:"13";s:14:"implant_second";s:2:"28";}i:34;a:1:{s:7:"gingiva";s:2:"26";}i:45;a:3:{s:8:"abatment";s:2:"29";s:7:"gingiva";s:2:"18";s:11:"canal_thrid";s:2:"12";}}', 'a:8:{i:25;a:4:{i:0;s:1:"4";i:1;s:1:"3";i:2;s:2:"16";i:3;s:1:"3";}i:32;a:23:{i:0;s:1:"2";i:1;s:3:"107";i:2;s:3:"106";i:3;s:3:"110";i:4;s:1:"1";i:5;s:3:"107";i:6;s:3:"109";i:7;s:3:"108";i:8;s:1:"2";i:9;s:1:"2";i:10;s:1:"4";i:11;s:1:"3";i:12;s:3:"108";i:13;s:2:"55";i:14;s:2:"59";i:15;s:2:"59";i:16;s:2:"59";i:17;s:2:"56";i:18;s:2:"57";i:19;s:2:"58";i:20;s:2:"60";i:21;s:2:"61";i:22;s:2:"53";}i:44;a:5:{i:0;s:2:"16";i:1;s:2:"21";i:2;s:2:"11";i:3;s:2:"22";i:4;s:2:"10";}i:35;a:1:{i:0;s:1:"4";}i:42;a:5:{i:0;s:1:"4";i:1;s:1:"1";i:2;s:3:"110";i:3;s:3:"106";i:4;s:3:"111";}i:33;a:16:{i:0;s:2:"55";i:1;s:2:"59";i:2;s:2:"56";i:3;s:1:"4";i:4;s:3:"109";i:5;s:3:"107";i:6;s:1:"1";i:7;s:3:"106";i:8;s:3:"111";i:9;s:3:"106";i:10;s:3:"111";i:11;s:3:"105";i:12;s:2:"16";i:13;s:2:"16";i:14;s:2:"16";i:15;s:1:"4";}i:34;a:4:{i:0;s:3:"113";i:1;s:1:"5";i:2;s:1:"6";i:3;s:1:"7";}i:31;a:1:{i:0;s:2:"21";}}', 'a:4:{i:38;a:3:{i:0;s:2:"80";i:1;s:2:"12";i:2;s:2:"86";}i:37;a:3:{i:0;s:2:"12";i:1;s:2:"15";i:2;s:2:"75";}i:35;a:1:{i:0;s:1:"9";}i:34;a:2:{i:0;s:2:"10";i:1;s:2:"48";}}'),
(2, '2013-11-06 17:20:27', '2013-11-07 15:00:00', 1, 18, 'Мронова', NULL, NULL, NULL);

-- --------------------------------------------------------

--
-- Структура таблицы `tooth_part`
--

CREATE TABLE IF NOT EXISTS `tooth_part` (
  `id` int(11) NOT NULL AUTO_INCREMENT,
  `archived` tinyint(1) DEFAULT NULL,
  `name` varchar(32) COLLATE utf8_unicode_ci NOT NULL,
  `name_en` varchar(32) COLLATE utf8_unicode_ci NOT NULL,
  PRIMARY KEY (`id`),
  UNIQUE KEY `name` (`name`)
) ENGINE=InnoDB  DEFAULT CHARSET=utf8 COLLATE=utf8_unicode_ci AUTO_INCREMENT=10 ;

--
-- Дамп данных таблицы `tooth_part`
--

INSERT INTO `tooth_part` (`id`, `archived`, `name`, `name_en`) VALUES
(1, NULL, 'Коронковая часть', 'crown'),
(2, NULL, 'Корневая часть', 'root'),
(3, NULL, 'Канал', 'canal'),
(4, NULL, 'Имплантант', 'implant'),
(5, NULL, 'Фиксирующий винт', 'fixvint'),
(6, NULL, 'Абатмент', 'abatment'),
(7, NULL, 'Десна', 'gingiva'),
(8, NULL, 'Надстройки на коронковой части', 'add_crown'),
(9, NULL, 'Кость', 'bone');

-- --------------------------------------------------------

--
-- Структура таблицы `tooth_state`
--

CREATE TABLE IF NOT EXISTS `tooth_state` (
  `id` int(11) NOT NULL AUTO_INCREMENT,
  `archived` tinyint(1) DEFAULT NULL,
  `name` varchar(32) COLLATE utf8_unicode_ci NOT NULL,
  `color` varchar(7) COLLATE utf8_unicode_ci NOT NULL,
  `ids_tooth_part` varchar(128) COLLATE utf8_unicode_ci NOT NULL,
  PRIMARY KEY (`id`)
) ENGINE=InnoDB  DEFAULT CHARSET=utf8 COLLATE=utf8_unicode_ci AUTO_INCREMENT=31 ;

--
-- Дамп данных таблицы `tooth_state`
--

INSERT INTO `tooth_state` (`id`, `archived`, `name`, `color`, `ids_tooth_part`) VALUES
(1, NULL, 'Пломба фотополимерная', '#ffff84', '1'),
(2, NULL, 'Пломба стеклоиномерная', '#0000ff', '1'),
(3, NULL, 'Пломбированный канал', '#ff82ff', '3'),
(4, NULL, 'Периодонтит', '#ff0000', '3'),
(5, NULL, 'Коронка металлокерамическая', '#84ff00', '8'),
(6, NULL, 'Старая пломба', '#d6aec6', '1'),
(7, NULL, 'Сечение капюшона', '#bd1410', '7'),
(8, NULL, 'Кариес', '#e79218', '1'),
(9, NULL, 'Штифт анкерный', '#89284', '2'),
(10, NULL, 'Штифт гуттаперчевый', '#b5d300', '3'),
(11, NULL, 'Культевая вкладка', '#187194', '2'),
(12, NULL, 'Временно пломбированный канал', '#00ff00', '3'),
(13, NULL, 'Гингивит', '#ff0000', '7'),
(14, NULL, 'Мышьяк', '#8400ff', '3'),
(15, NULL, 'Реставрация фотополимер', '#84ffff', '1'),
(16, NULL, 'Закрытие перфорации', '#31a6ce', '2'),
(17, NULL, 'Мед. обработка кармана', '#8482ff', '7'),
(18, NULL, 'Инъекция линкомицин', '#00ff00', '7'),
(19, NULL, 'Фасетка керамическая', '#ff8284', '8'),
(20, NULL, 'Съемный протез', '#ff0084', '8'),
(21, NULL, 'Кламмер', '#5ad39c', '8'),
(22, NULL, 'Простой бюгель', '#c6d77b', '8'),
(23, NULL, 'Сложный бюгель', '#adcb73', '8'),
(24, NULL, 'Аттачмен', '#d6cb94', '8'),
(25, NULL, 'Шинирование', '#de964a', '8'),
(26, NULL, 'Вскрытие абсцесса', '#de7508', '7'),
(27, NULL, 'Остеомиелит', '#ff0000', '9'),
(28, NULL, 'С гидроксиапатитом', '#00ff42', '4'),
(29, NULL, 'Керамический', '#ffff00', '6,5'),
(30, NULL, 'Пульпит', '#ff8242', '3');

-- --------------------------------------------------------

--
-- Структура таблицы `type_bite`
--

CREATE TABLE IF NOT EXISTS `type_bite` (
  `id` int(11) NOT NULL AUTO_INCREMENT,
  `archived` tinyint(1) DEFAULT NULL,
  `name` varchar(256) COLLATE utf8_unicode_ci NOT NULL,
  `description` varchar(512) COLLATE utf8_unicode_ci DEFAULT NULL,
  PRIMARY KEY (`id`)
) ENGINE=InnoDB  DEFAULT CHARSET=utf8 COLLATE=utf8_unicode_ci AUTO_INCREMENT=17 ;

--
-- Дамп данных таблицы `type_bite`
--

INSERT INTO `type_bite` (`id`, `archived`, `name`, `description`) VALUES
(1, 0, 'Ортогнатический', NULL),
(2, 0, 'Дистальный', NULL),
(3, 0, 'Мезиальный', NULL),
(4, 0, 'Глубокий', NULL),
(5, 0, 'Открытый', NULL),
(6, 0, 'Прямой', NULL),
(7, 0, 'Косой', NULL),
(8, 0, 'Прогнатия', NULL),
(9, 0, 'Прогения', NULL),
(10, 0, 'Обратный', NULL),
(11, 0, 'Перекрывающийся', NULL),
(12, 0, 'Вертикальный', NULL),
(13, 0, 'Микрогения', NULL),
(14, 0, 'Сменный', NULL),
(15, 0, 'Микропатия', NULL),
(16, 0, 'Перекрестный', NULL);

-- --------------------------------------------------------

--
-- Структура таблицы `type_inspection`
--

CREATE TABLE IF NOT EXISTS `type_inspection` (
  `id` int(11) NOT NULL AUTO_INCREMENT,
  `archived` tinyint(1) DEFAULT NULL,
  `name` varchar(128) COLLATE utf8_unicode_ci NOT NULL DEFAULT '',
  `typeInspectionKod` varchar(16) COLLATE utf8_unicode_ci DEFAULT NULL,
  `orderField` int(11) NOT NULL DEFAULT '-1',
  PRIMARY KEY (`id`)
) ENGINE=InnoDB  DEFAULT CHARSET=utf8 COLLATE=utf8_unicode_ci AUTO_INCREMENT=144 ;

--
-- Дамп данных таблицы `type_inspection`
--

INSERT INTO `type_inspection` (`id`, `archived`, `name`, `typeInspectionKod`, `orderField`) VALUES
(1, NULL, 'Повторный осмотр', '1-13.19', -1),
(2, NULL, 'Осмотр и определение парадонтологического статуса', '1-10.19 А', -1),
(3, NULL, 'Комплексное первичное обследование ребенка', '1-10.19 Б', -1),
(4, NULL, 'Первичный осмотр', '1-10.19', -1),
(5, NULL, 'Сиалометрия', '1-259.20', -1),
(6, NULL, 'Соматоскопия локальная', '1-302.01', -1),
(7, NULL, 'Осмотр и определение гигиенического индекса', '1-300.01', -1),
(8, NULL, 'Реопарадонтография', '1-259.05', -1),
(9, NULL, 'Соматоскопия расширенная', '1-302.02', -1),
(10, NULL, 'Электроодонтодиагностика', '1-309.01', -1),
(11, NULL, 'Определение индекса Рl', '1-300.01 А', -1),
(12, NULL, 'Определение индекса гигиены по Федорову-Володкиной', '1-300.05', -1),
(13, NULL, 'Определение индекса гингивита Силнес-Лоэ', '1-300.05 Б', -1),
(14, NULL, 'Определение индексов Грин-Вермильона', '1-300.05 А', -1),
(15, NULL, 'Определение травматической окклюзии', '1-309.10', -1),
(16, NULL, 'Определение индекса РМА', '1-300.06', -1),
(17, NULL, 'Определение патологической подвижности зубов', '1-304.01', -1),
(18, NULL, 'Анализ панорамной рентгенограммы', '1-309.07', -1),
(19, NULL, 'Анализ рентгенограммы прицельной', '1-309.06', -1),
(20, NULL, 'Определение степени поражения фуркации корней зубов', '1-302.04', -1),
(21, NULL, 'Анализ и заполнение одонтопародонтограмм', '1-309.08', -1),
(22, NULL, 'Вакуумная проба по Кулаженко', '1-739.12', -1),
(23, NULL, 'Формалиновая проба', '1-739 А', -1),
(24, NULL, 'Проба Шиллера-Писарева', '1-761.06', -1),
(25, NULL, 'Диагностическое использование красящих веществ', '1-809.02', -1),
(26, NULL, 'Гальванометрия', '3-650', -1),
(27, NULL, 'Рентгенография зубов контактная', '1-309.01', -1),
(28, NULL, 'Определение рН слюны', '2-289.01', -1),
(29, NULL, 'Анализ крови клинический', '2-889.02', -1),
(30, NULL, 'Полярографическое исследование капилярной крови десен', '1-761.05', -1),
(31, NULL, 'Проба Ясиновского', '2-917.08', -1),
(32, NULL, 'Анализ мочи общий', '2-255', -1),
(33, NULL, 'Иммунограмма крови', '2-679.02', -1),
(34, NULL, 'Определение билирубина  и его фракций в сыворотке крови', '2-115.04', -1),
(35, NULL, 'Определение глюкозы в сыворотке крови', '2-130.03', -1),
(36, NULL, 'Рентгенография челюстей панорамная', '3-108.01', -1),
(37, NULL, 'Ортопантомография', '3-420.06', -1),
(38, NULL, 'Консультация больного другим врачом', '1-16.19', -1),
(39, NULL, 'Консультация врача-терапевта', '1-16.01', -1),
(40, NULL, 'Консультация врача-отоларинголога', '1-16.26', -1),
(41, NULL, 'Консультация врача-педиатра', '1-16.24', -1),
(42, NULL, 'Консультация врача-гематолога', '1-16.46', -1),
(43, NULL, 'Проба Роттера', '1-300.01 А', -1),
(44, NULL, 'Морфологическое исследование биоптатов десен', '2-909.04', -1),
(45, NULL, 'Цитологическое исследование клеточных элементов', '2-219.27', -1),
(46, NULL, 'Микробиологическое исследование зубного, десенного и некротичного налета', '2-509.17', -1),
(47, NULL, 'Микробиологическое исследование зубного налета и экссудата пародонтальных карманов', '2-509.17', -1),
(48, NULL, 'Консультация врача-невропатолога', '1-16.28', 0),
(49, NULL, 'Ультразвуковая эхоостеометрия', '1-259.05 А', -1),
(50, NULL, 'Исследование десенной жидкости', '2-279.09 А', -1),
(51, NULL, 'Иммунофлюоресценция на вирус простого герпеса', '2-615.05', -1),
(52, NULL, 'Цитологическое исследование мазка из очага поражения', '2-219.27', -1),
(53, NULL, 'Консультация врача-гинеколога', '1-16.23', -1),
(54, NULL, 'Консультация врача-аллерголога', '1-16.38', -1),
(55, NULL, 'Цитологическое исследование клеточных элементов из пародонтальных карманов', '2-219.27', -1),
(56, NULL, 'Консультация врача-иммунолога', '1-16.44', -1),
(57, NULL, 'Определение иммуноглобулина (A,M,G) в сыворотке крови', '2-679.09', -1),
(58, NULL, 'Определение количества Т-лимфоцитов', '2-870', -1),
(59, NULL, 'Определение количества В-лимфоцитов', '2-871', -1),
(60, NULL, 'Консультация врача-онколога', '1-16.17', -1),
(61, NULL, 'Выделение и идентификация вирусов в крови', '2-549.03', -1),
(62, NULL, 'Консультация врача-дерматолога', '1-16.32', -1),
(63, NULL, 'Бактериологическое исследование мазка со слизистой оболочки полости рта', '2-510.10', -1),
(64, NULL, 'Идентификация грибков', '2-702', -1),
(65, NULL, 'Биопсия слизистой оболочки полости рта', '1-421', -1),
(66, NULL, 'Определение чуствительности микрофлоры к антибиотикам', '2-523', -1),
(67, NULL, 'Биопсия языка (мазок, соскреб)', '1-421.01', -1),
(68, NULL, 'Биопсия неба', '1-421.02', -1),
(69, NULL, 'Пункционная биопсия слюнной железы', '1-421.03', -1),
(70, NULL, 'Биопсия лимфатического узла', '1-421.04', -1),
(71, NULL, 'Биопсия губы', '1-540', -1),
(72, NULL, 'Биопсия предверия рта', '1-543', -1),
(73, NULL, 'Рентгенография контрастная придаточных пазух носа', '3-214', -1),
(74, NULL, 'Биопсия языка (хирургическая)', '1-541', -1),
(75, NULL, 'Сиалография', '3-281.01', -1),
(76, NULL, 'Иммуноферментный анализ на антитела против ВИЧ-антигенов', '2-532', -1),
(77, NULL, 'Определение группы крови', '2-821', -1),
(78, NULL, 'Мастикациография', '1-369.09', -1),
(79, NULL, 'Рентгенография ВНЧС', '3-102', -1),
(80, NULL, 'Рентгенография верхней челюсти', '3-100', -1),
(81, NULL, 'Рентгенография нижней челюсти', '3-101', -1),
(82, NULL, 'Консультация врача-ревматолога', '1-16.35', -1),
(83, NULL, 'Консультация врача-офтальмолога', '1-16.25', -1),
(84, NULL, 'Анализ крови на общий белок', '2-102', -1),
(85, NULL, 'Определение белковых фракций крови', '2-109.02', -1),
(86, NULL, 'Анализ крови на мочевину', '2-112', -1),
(87, NULL, 'Анализ крови на креатинин', '2-114.01', -1),
(88, NULL, 'Бактериологическое исследование выделений слюнной железы', '2-510.47', -1),
(89, NULL, 'Иммунологическое исследование слюны', '2-689.01', -1),
(90, NULL, 'Цитологическое исследование слюны', '2-919.24', -1),
(91, NULL, 'Рентгенография осмотровая', '3-119.01', 0),
(92, NULL, 'Компьютерная томография слюнных желез', '3-461.03', -1),
(93, NULL, 'Рентгенография контрастная слюнных желез', '3-518.07', -1),
(94, NULL, 'УЗИ слюнных желез', '3-611.10', -1),
(95, NULL, 'Термография слюнных желез', '3-625.02', -1),
(96, NULL, 'Рентгенография слюнных желез', '3-125.03', -1),
(97, NULL, 'Сцинтиография слюнных желез', '3-518.07', -1),
(98, NULL, 'Рентгенография челюстей', '3-109.02', -1),
(99, NULL, 'Компьютерная томография ВНЧС', '3-420.10', -1),
(100, NULL, 'Определение С-реактивного белка крови', '2-679.07', -1),
(101, NULL, 'Рентгенография суставов при открытом и закрытом рте', '3-102', -1),
(102, NULL, 'Рентгенография придаточных пазух носа', '3-120', -1),
(103, NULL, 'Рентгенография осмотровая костей лицевого скелета', '3-118.01', -1),
(104, NULL, 'Рентгенография осмотровая придаточных пазух носа', '3-118.01 А', -1),
(105, NULL, 'Обследование пальпаторное ротовой полости', '1-304', -1),
(106, NULL, 'Обследование зубов', '1-300', -1),
(107, NULL, 'Окклюзиография', '1-309.10', -1),
(108, NULL, 'Определение высоты нижней части лица', '1-309.05', -1),
(109, NULL, 'Аллерготесты', '1-309.13', 0),
(110, NULL, 'Анализ прицельной рентгенограммы', '1-309.14', -1),
(111, NULL, 'Анализ ортопантограммы, томограммы', '1-309.15', -1),
(112, NULL, 'Электромиография', '1-363.22', -1),
(113, NULL, 'Реография', '1-960', -1),
(114, NULL, 'Анализ диагностических моделей', '1-991.02', -1),
(115, NULL, 'Миотонометрия', '1-360.03', -1),
(116, NULL, 'Тензометрия', '1-309.01', -1),
(117, NULL, 'Запись движений нижней челюсти', '1-362.01', -1),
(118, NULL, 'Консультация врача-эндокринолога', '1-16.05', -1),
(119, NULL, 'Определение оптических показателей твердых тканей зубов', '2-252.05 А', -1),
(120, NULL, 'Определение импенданса твердых тканей зубов', '2-252.05 Б', -1),
(121, NULL, 'Консультация врача-генетика', '1-16.59', -1),
(122, NULL, 'Анализ крови на сиаловые кислоты', '2-170.01', -1),
(123, NULL, 'Бактериологическое исследование мазка с области раздражения', '2-510.48', -1),
(124, NULL, 'Цитологическое исследование клеток букального эпителия', '2-919.27 А', -1),
(125, NULL, 'Клинические диагностические пробы Эшлера-Бимлера и Ильиной-Маркосян', '1-309.06 А', -1),
(126, NULL, 'Определение центральной окклюзии', '1-362.01', -1),
(127, NULL, 'Антропометрическое измерение черепа', '1-950.05', -1),
(128, NULL, 'Медицинское фотографирование', '1-361.01', -1),
(129, NULL, 'Антропометрический анализ телерентгенограммы головы', '3-001', -1),
(130, NULL, 'Анализ и расчет томограмм ВНЧС', '3-002', -1),
(131, NULL, 'Обработка диагностических данных на компьютере', '3-67', -1),
(132, NULL, 'Другая компьютерная технология', '3-678', 1),
(133, NULL, 'Консультация врача-хирурга', '1-16.15', -1),
(134, NULL, 'Периостеометрия', '1-360.02', -1),
(135, NULL, 'Анализ и расчет телерентгенограмм', '3-003.01', -1),
(136, NULL, 'Анализ и расчет томограмм', '3-003.02', -1),
(137, NULL, 'Телерентгенография черепа в боковой проекции', '3-110.02', -1),
(138, NULL, 'Консультация врача-стоматолога-ортопеда', '1-16.22', -1),
(139, NULL, 'Консультация врача-логопеда', '1-16.40', 0),
(140, NULL, 'Консультация врача-психоневролога', '1-16.30', -1),
(141, NULL, 'Рентгенография черепа в боковой проекции', '3-175.01', -1),
(142, NULL, 'Телерентгенография черепа в прямой проекции', '3-110.06', -1),
(143, NULL, 'Анализ и расчет на моделях челюстей', '1-999.04', -1);

-- --------------------------------------------------------

--
-- Структура таблицы `vita_color`
--

CREATE TABLE IF NOT EXISTS `vita_color` (
  `id` int(11) NOT NULL AUTO_INCREMENT,
  `name` char(30) COLLATE utf8_unicode_ci NOT NULL,
  PRIMARY KEY (`id`)
) ENGINE=InnoDB  DEFAULT CHARSET=utf8 COLLATE=utf8_unicode_ci AUTO_INCREMENT=17 ;

--
-- Дамп данных таблицы `vita_color`
--

INSERT INTO `vita_color` (`id`, `name`) VALUES
(1, 'A2'),
(2, 'A1'),
(3, 'A3'),
(4, 'A3,5'),
(5, 'A4'),
(6, 'B1'),
(7, 'B2'),
(8, 'B3'),
(9, 'B4'),
(10, 'C1'),
(11, 'C2'),
(12, 'C3'),
(13, 'D1'),
(14, 'D2'),
(15, 'D3'),
(16, 'C4');

-- --------------------------------------------------------

--
-- Структура таблицы `work_group`
--

CREATE TABLE IF NOT EXISTS `work_group` (
  `id` int(11) NOT NULL AUTO_INCREMENT,
  `archived` tinyint(1) DEFAULT NULL,
  `name` varchar(32) COLLATE utf8_unicode_ci NOT NULL,
  PRIMARY KEY (`id`)
) ENGINE=InnoDB  DEFAULT CHARSET=utf8 COLLATE=utf8_unicode_ci AUTO_INCREMENT=10 ;

--
-- Дамп данных таблицы `work_group`
--

INSERT INTO `work_group` (`id`, `archived`, `name`) VALUES
(1, NULL, 'Терапевтические'),
(2, NULL, 'Общие'),
(3, NULL, 'Ортопедические'),
(4, NULL, 'Хирургические'),
(5, NULL, 'Пародонтологические'),
(6, NULL, 'Профилактические'),
(7, NULL, 'Физиотерапевтические'),
(8, NULL, 'Ортодонтические'),
(9, NULL, 'Технические');

/*!40101 SET CHARACTER_SET_CLIENT=@OLD_CHARACTER_SET_CLIENT */;
/*!40101 SET CHARACTER_SET_RESULTS=@OLD_CHARACTER_SET_RESULTS */;
/*!40101 SET COLLATION_CONNECTION=@OLD_COLLATION_CONNECTION */;
